{"tasks": null, "accuracies": {"train": [0.46096207215541163, 0.6641073080481036, 0.7304347826086957, 0.7502312673450509, 0.7718778908418131, 0.7931544865864939, 0.7901942645698427, 0.7987974098057354, 0.8037002775208141, 0.8073080481036078], "val": [0.6272189349112426, 0.7307692307692307, 0.7773668639053254, 0.7988165680473372, 0.8173076923076923, 0.8261834319526628, 0.8328402366863905, 0.8372781065088757, 0.8424556213017751, 0.8468934911242604]}, "losses": {"train": [1.2324632589955995, 0.8537950292767252, 0.7303418584822726, 0.6729337471045354, 0.6228168278905002, 0.5864411030733178, 0.5685785438924008, 0.552926334576073, 0.5368515519716472, 0.5244365656078137], "val": [0.9121609220843343, 0.7330898448560365, 0.6456153160016213, 0.5918629349336116, 0.5537384654995958, 0.525513817925425, 0.5025396627434612, 0.4850936838861048, 0.4701817947379231, 0.4574897888849473]}}