{"tasks": null, "accuracies": {"train": [0.7949121184088807, 0.8244218316373728, 0.8260869565217391, 0.821831637372803, 0.8267345050878816, 0.8279370952821461, 0.8272895467160036, 0.8240518038852913, 0.8257169287696577, 0.822109158186864, 0.8334875115633672, 0.8212765957446808, 0.8280296022201665, 0.8345975948196115, 0.8249768732654948, 0.8280296022201665], "val": [0.8705621301775148, 0.856508875739645, 0.8631656804733727, 0.8690828402366864, 0.8631656804733727, 0.8646449704142012, 0.8705621301775148, 0.8779585798816568, 0.8668639053254438, 0.8764792899408284, 0.8727810650887574, 0.875, 0.8698224852071006, 0.867603550295858, 0.8801775147928994, 0.871301775147929]}, "losses": {"train": [0.536188240921354, 0.46484824910305034, 0.45926438012021653, 0.46399176735000186, 0.45098516390789006, 0.45336271609342504, 0.46302131525793083, 0.45748394955428634, 0.4613358776123848, 0.46185160545041226, 0.4551140799994385, 0.4646418887801351, 0.4611812593206887, 0.4532080147797922, 0.4580631382811632, 0.4560079755301171], "val": [0.37505599821107627, 0.37874203532405154, 0.3732518710680967, 0.3548152377972236, 0.3684112748803472, 0.35496157107973947, 0.3589408037489688, 0.3511324119285719, 0.36843316406893306, 0.3472263419769219, 0.36105741437017563, 0.34926228886525307, 0.35520560783747385, 0.350857503668091, 0.35102013599943127, 0.357380595256591]}}