{"tasks": null, "accuracies": {"train": [0.41646623496762253, 0.474745605920444, 0.4858464384828862, 0.49158186864014797, 0.5007400555041628, 0.5043478260869565, 0.5026827012025902, 0.5036077705827937, 0.5080481036077705, 0.5100832562442182, 0.5092506938020351, 0.5143385753931544, 0.5111008325624422, 0.5093432007400555, 0.5064754856614246, 0.5132284921369102], "val": [0.26849112426035504, 0.48520710059171596, 0.5022189349112426, 0.496301775147929, 0.5162721893491125, 0.5162721893491125, 0.5066568047337278, 0.5044378698224852, 0.511094674556213, 0.5281065088757396, 0.5310650887573964, 0.5229289940828402, 0.5273668639053254, 0.5266272189349113, 0.5303254437869822, 0.5414201183431953]}, "losses": {"train": [2.2188647258292735, 1.1778737796444676, 1.1655756558013337, 1.1560999517634882, 1.1375329707090112, 1.130895936389856, 1.1256691186103855, 1.1243435470402847, 1.1211284019900736, 1.1123925263742735, 1.114218597275366, 1.1144691102489293, 1.108926349078804, 1.1090053340221973, 1.11415356129656, 1.1089064618264162], "val": [1.1964455920563648, 1.1643508411723482, 1.1513404366532727, 1.1264812403176663, 1.1224892333414427, 1.110221777441939, 1.1157089422440387, 1.1277653084704156, 1.1027719494859143, 1.0813161229946204, 1.1058993783928233, 1.0886325483491435, 1.1042484947915614, 1.0735102225337507, 1.0816336256512524, 1.078205468386588]}}